{
  "history": [
    {
      "title": "The Origins of Lacrosse",
      "content": "Lacrosse originated among Native American tribes, where it was played for recreation and ceremonial purposes. It was introduced to the wider world in the 19th century."
    },
    {
      "title": "The Evolution of Women's Lacrosse",
      "content": "Women's lacrosse started in the late 19th century, with the first women's game played in 1890 at St. Leonard’s School in Scotland."
    }
  ],
  "howToPlay": [
    {
      "step": "Starting the Game",
      "description": "The game begins with a draw to determine which team gains initial possession."
    },
    {
      "step": "Passing and Catching",
      "description": "Players pass the ball using their sticks and catch it to maintain possession and move it across the field."
    }
  ],
  "gameFlow": [
    {
      "description": "Lacrosse games are divided into two halves, each lasting 30 minutes. The clock stops during timeouts or injuries."
    },
    {
      "description": "Players pass the ball, attempt shots on goal, and work to prevent the opposing team from scoring."
    }
  ],
  "personalExperience": [
    {
      "title": "My Experience as a Lacrosse Player",
      "description": "Playing lacrosse has taught me the value of teamwork and resilience. It’s a sport that requires dedication, strength, and determination."
    }
  ]
}
